Model,BLEURT,BLEU,STA,FLU,SEM,Overall
DELETE,-0.23698500004748296,0.5036836653565926,0.6184798807749627,0.5259524,0.9074216922065007,0.6348035035780054
